48.8299902817, 2.37574814434;BIBLIOTHEQUE FRANCOIS MITTERRAND;RATP,SNCF;M14,RER C
48.8420053473, 2.23888732579;BOULOGNE-JEAN JAURES;RATP;M10
48.8561407093, 2.37020933841;BREGUET-SABIN;RATP;M5
48.884594208, 2.33794977706;ABBESSES;RATP;M12
48.8410940563, 2.2879457665;BOUCICAUT;RATP;M8
48.8983921248, 2.35837546934;PORTE DE LA CHAPELLE;RATP;T3B,M12
48.78728035, 2.36698844495;VILLEJUIF-LOUIS ARAGON;RATP;T7,M7
48.9389501578, 2.35632186742;MARCHE DE SAINT-DENIS;RATP;T5,T1
48.8974287356, 2.38658143311;PORTE DE LA VILLETTE;RATP;T3B,M7
48.9526378826, 2.35797833108;PETIT PIERREFITTE;RATP;T5
48.8974328495, 2.39504174968;ELLA FITZGERALD;RATP;T3B
48.973659013, 2.36605171568;BUTTE PINSON;RATP;T5
48.9448189327, 2.35700635511;ROGER SEMAT;RATP;T5
48.8975528099, 2.373383796;ROSA PARKS;RATP,SNCF;T3B,RER E
48.9032046155, 2.07297145657;SAINT-GERMAIN-GRANDE-CEINTURE;SNCF;LIGNE L
48.4309707241, 2.75317756884;VULAINES-SUR-SEINE-SAMOREAU;SNCF;LIGNE R
48.8007184639, 2.17138981276;VIROFLAY RIVE GAUCHE;SNCF,RATP;RER C,T6,LIGNE N
48.8183876387, 2.29206181457;VANVES-MALAKOFF;SNCF;LIGNE N
48.3823580058, 2.81595676708;SAINT-MAMMES;SNCF;LIGNE R
49.0910734513, 2.20182348425;VALMONDOIS;SNCF;LIGNE H
48.9635896849, 2.28593071821;SAINT-GRATIEN;SNCF;RER C
48.8473083595, 2.43329971764;VINCENNES;RATP;RER A
48.676092434, 2.38678379703;VIRY-CHATILLON;SNCF;RER D
48.7066109469, 2.48424514658;YERRES;SNCF;RER D
48.9937771469, 2.41618748893;VILLIERS-LE-BEL-GONESSE-ARNOUVILLE;SNCF;RER D
48.981071911, 2.00593089169;TRIEL-SUR-SEINE;SNCF;LIGNE J
49.0067002768, 1.91923711175;THUN-LE-PARADIS;SNCF;LIGNE J
48.7684217766, 1.51333305235;MARCHEZAIS BROUE;SNCF;LIGNE N
48.9056221191, 2.28351732969;ASNIERES;SNCF;LIGNE L,LIGNE J
49.0794702331, 2.35083083357;VILLAINES;SNCF;LIGNE H
48.7748028098, 2.00656686906;TRAPPES;SNCF;LIGNE U,LIGNE N
49.0996501217, 1.97053572369;US;SNCF;LIGNE J
48.1376108053, 3.28974196062;ETIGNY-VERON;SNCF;GL
47.9734303157, 3.39286472634;JOIGNY;SNCF;GL
49.1795049508, 3.12061291667;FERTE-MILON;SNCF;LIGNE P
49.1354741446, 3.07562656432;MAREUIL-SUR-OURCQ;SNCF;LIGNE P
49.1873335365, 2.45952008111;CHANTILLY-GOUVIEUX;SNCF;RER D
49.2852635241, 1.78506622348;GISORS;SNCF;LIGNE J
48.1472180399, 2.7627283872;DORDIVES;SNCF;LIGNE R
48.9436300067, 2.41147348701;GARE DE DUGNY - LA COURNEUVE;SNCF;T11
48.8107464886, 2.30167855546;CHATILLON-MONTROUGE;RATP;M13
48.8575563594, 2.34830889513;CHATELET;RATP;M11,M7,M4,M1,M14
48.9163823099, 2.2946851117;GABRIEL PERI-ASNIERES-GENNEVILLIERS;RATP;M13
48.8698082202, 2.30747079345;FRANKLIN-D.ROOSEVELT;RATP;M1,M9
48.8948364684, 2.38252234342;CORENTIN CARIOU;RATP;M7
48.8724249145, 2.35604490767;CHATEAU D'EAU;RATP;M4
48.8574200375, 2.3681082907;CHEMIN VERT;RATP;M8
48.8349477223, 2.36812632906;CHEVALERET;RATP;M6
48.8661671149, 2.32317568086;CONCORDE;RATP;M12,M1,M8
48.8651634349, 2.39874659344;GAMBETTA;RATP;M3bis,M3
48.8423274377, 2.32098483563;MONTPARNASSE;RATP,SNCF;M13,M12,M6,M4,LIGNE N
48.863257945, 2.36666109472;FILLES DU CALVAIRE;RATP;M8
48.8928288534, 2.3274284585;GUY MOQUET;RATP;M13
48.8444701413, 2.31785278304;FALGUIERE;RATP;M12
48.8761263529, 2.35804750536;GARE DE L'EST;RATP,SNCF;M5,M7,M4,LIGNE P
48.8828919175, 2.30905226455;MALESHERBES;RATP,SNCF;M3,RER D
48.8429386959, 2.26003290221;EXELMANS;RATP;M9
48.8787703685, 2.32226521312;EUROPE;RATP;M3
48.9593181442, 2.34205380139;VILLETANEUSE-UNIVERSITE;RATP;T8
48.8473938905, 2.4096560564;PORTE DE VINCENNES;RATP;T3B,M1,T3A
48.9558430475, 2.30222274181;EPINAY-SUR-SEINE;RATP,SNCF;T8,RER C
48.938082615, 2.36074604376;BASILIQUE DE SAINT-DENIS;RATP;T1,M13
48.8529872779, 2.41074113613;PORTE DE MONTREUIL;RATP;T3B,M9
48.8675213572, 2.40897893974;SEVERINE;RATP;T3B
48.933393832, 2.30059339938;TIMBAUD;RATP;T1
48.906567146, 2.3659203194;FRONT POPULAIRE;RATP;M12
48.8940482842, 2.48034887033;BONDY;SNCF;T4,RER E
48.8763179623, 2.3325430273;TRINITE-D'ESTIENNE D'ORVES;RATP;M12
48.926640202, 2.51910376383;FREINVILLE-SEVRAN;SNCF;T4
48.8465154042, 2.36587346941;QUAI DE LA RAPEE;RATP;M5
48.8610192599, 2.37473343128;SAINT-AMBROISE;RATP;M9
48.8223099329, 2.23132315987;BRIMBORION;RATP;T2
48.8463569889, 2.41947990037;SAINT-MANDE;RATP;M1
48.8636109376, 2.28758016253;TROCADERO;RATP;M6,M9
48.8747486507, 2.29556025621;CHARLES DE GAULLE ETOILE;RATP;M6,M2,RER A,M1
48.842436797, 2.365184812;AUSTERLITZ;RATP,SNCF;M10,M5,RER C
48.814803007, 2.42237614285;ECOLE VETERINAIRE DE MAISONS-ALFORT;RATP;M8
48.8452047036, 2.26644154308;CHARDON-LAGACHE;RATP;M10
48.8354953554, 2.3588234891;CAMPO-FORMIO;RATP;M5
48.8723101138, 2.37670214473;BELLEVILLE;RATP;M2,M11
48.8690911629, 2.38054258599;COURONNES;RATP;M2
48.8475070811, 2.30296829919;CAMBRONNE;RATP;M6
48.8907889695, 2.3773157556;CRIMEE;RATP;M7
48.8470525545, 2.31642435206;DUROC;RATP;M13,M10
48.879761254, 2.41647964367;MAIRIE DES LILAS;RATP;M11
48.8473748787, 2.39546199483;NATION;RATP;M6,M1,M9,RER A,M2
48.8026376907, 2.44692748424;MAISONS-ALFORT-LES JUILLIOTTES;RATP;M8
48.8091443609, 2.43450989593;MAISONS-ALFORT-STADE;RATP;M8
48.8584665494, 2.38972985235;PHILIPPE AUGUSTE;RATP;M2
48.8631232146, 2.38588244933;PERE LACHAISE;RATP;M3,M2
48.8224378346, 2.35847388385;MAISON BLANCHE;RATP;M7
48.8775512518, 2.28316224223;PORTE MAILLOT;RATP,SNCF;M1,RER C
48.869633173, 2.32627227403;MADELEINE;RATP;M8,M12,M14
48.842871275, 2.31244751307;PASTEUR;RATP;M12,M6
48.8974022229, 2.34484774875;PORTE DE CLIGNANCOURT;RATP;M4
48.8686959778, 2.34072072367;BOURSE;RATP;M3
48.8539426071, 2.28933453277;BIR-HAKEIM (GRENELLE);RATP;M6
48.8669831104, 2.29005883493;BOISSIERE;RATP;M6
48.8828686476, 2.34413063372;ANVERS;RATP;M2
48.8653227117, 2.35672986917;ARTS ET METIERS;RATP;M11,M3
48.8607869635, 2.32099819195;ASSEMBLEE NATIONALE;RATP;M12
48.8359308792, 2.27816167128;BALARD;RATP;M8,T3A
48.8834361881, 2.34977444365;BARBES-ROCHECHOUART;RATP;M4,M2
48.8454707076, 2.42920516635;BERAULT;RATP;M1
48.779905317, 2.45936839626;CRETEIL-PREFECTURE (HOTEL DE VILLE);RATP;M8
48.8819319987, 2.39344545649;DANUBE;RATP;M7bis
48.8334508582, 2.33174013099;DENFERT-ROCHEREAU;RATP;M4,M6,RER B
48.850434549, 2.29361243991;DUPLEIX;RATP;M6
48.8404866526, 2.35173948717;CENSIER-DAUBENTON;RATP;M7
48.8215957673, 2.41373751752;CHARENTON-ECOLES;RATP;M8
48.8545804991, 2.38556348082;CHARONNE;RATP;M9
48.8444563946, 2.44043997806;CHATEAU DE VINCENNES;RATP;M1
48.8729376577, 2.33347913185;CHAUSSEE D'ANTIN (LA FAYETTE);RATP;M9,M7
48.8373074946, 2.29663034323;CONVENTION;RATP;M12
48.9060940502, 2.33183083796;GARIBALDI;RATP;M13
48.8886312178, 2.24793243532;ESPLANADE DE LA DEFENSE;RATP;M1
48.8638074378, 2.34888065259;ETIENNE-MARCEL;RATP;M4
48.8525040906, 2.26817674944;JASMIN;RATP;M9
48.8831474514, 2.37100144075;JAURES;RATP;M5,M7bis,M2
48.875111817, 2.38941503204;JOURDAIN;RATP;M11
48.8459506666, 2.35505026306;JUSSIEU;RATP;M7,M10
48.8843987952, 2.36049131853;LA CHAPELLE;RATP;M2
48.8153075312, 2.29707779833;MALAKOFF-RUE ÉTIENNE DOLET;RATP;M13
48.8914168342, 2.34973840702;MARCADET-POISSONNIERS;RATP;M4,M12
48.8501273238, 2.34805429048;MAUBERT-MUTUALITE;RATP;M10
48.8580460563, 2.27415463109;LA MUETTE;RATP;M9
48.8512711264, 2.37611877334;LEDRU-ROLLIN;RATP;M8
48.857448691, 2.28581244413;PASSY;RATP;M6
48.8332167197, 2.36285639952;NATIONALE;RATP;M6
48.8823901507, 2.33729479057;PIGALLE;RATP;M2,M12
48.830972673, 2.35558027408;PLACE D'ITALIE;RATP;M5,M7,M6
48.8428668307, 2.35222472818;PLACE MONGE (JARDIN DES PLANTES);RATP;M7
48.8523007631, 2.33972778159;ODEON;RATP;M4,M10
48.8847082013, 2.26051507789;PONT DE NEUILLY (AVENUE DE MADRID);RATP;M1
48.8296748438, 2.23079959132;PONT DE SEVRES;RATP;M9
48.8535754725, 2.35716257162;PONT-MARIE (CITE DES ARTS);RATP;M7
48.8714665781, 2.27708301705;PORTE DAUPHINE;RATP;M2
48.8470661332, 2.30740224062;SEGUR;RATP;M10
48.8456269667, 2.3095314901;SEVRES-LECOURBE;RATP;M6
48.8843851454, 2.36939198436;STALINGRAD;RATP;M7,M2,M5
48.8694907745, 2.35439176839;STRASBOURG-SAINT-DENIS;RATP;M4,M9,M8
48.8779727014, 2.29831037512;TERNES;RATP;M2
48.8973747955, 2.32894281278;PORTE DE SAINT-OUEN;RATP;M13
48.8277955435, 2.30553466965;PORTE DE VANVES;RATP;M13,T3A
48.8738818542, 2.3853162151;PYRENEES;RATP;M11
48.8675034238, 2.36382614398;REPUBLIQUE;RATP;M11,M8,M3,M9,M5
48.8473037861, 2.38634170635;REUILLY-DIDEROT;RATP;M1,M8
48.8557264286, 2.42298321615;ROBESPIERRE;RATP;M9
48.8714977394, 2.34315477308;GRANDS BOULEVARDS (RUE MONTMARTRE);RATP;M8,M9
48.9299358897, 2.35603579417;SAINT-DENIS-PORTE DE PARIS;RATP;M13,T8
48.875764594, 2.32425603265;SAINT-LAZARE;RATP,SNCF;M14,M13,M3,M12,LIGNE L,LIGNE J
48.8568713792, 2.31505663732;VARENNE;RATP;M13
48.8186764099, 2.3197403133;MAIRIE DE MONTROUGE;RATP;M4
48.9067006317, 2.46052340367;AUGUSTE DELAUNE;RATP;T1
48.8760012915, 2.22595909514;BELVEDERE;RATP;T2
48.9317348255, 2.3782254904;COSMONAUTES;RATP;T1
48.9274028908, 2.39247111933;HOTEL DE VILLE DE LA COURNEUVE;RATP;T1
48.9127049753, 2.43542099299;ESCADRILLE NORMANDIE-NIEMEN;RATP;T1
48.8930946286, 2.48791098763;LA REMISE A JORELLE;SNCF;T4
48.9024441906, 2.51169930327;LES PAVILLONS-SOUS-BOIS;SNCF;T4
48.8959158362, 2.46033007088;NOISY-LE-SEC;RATP,SNCF;T1,RER E
48.8286719395, 2.30085182613;PORTE DE BRANCION;RATP;T3A
48.8218295581, 2.37005360353;PORTE D'IVRY;RATP;T3A,M7
48.8231516331, 2.32550957782;PORTE D'ORLEANS;RATP;T3A,M4
48.9478076496, 2.33918092342;BLUMENTHAL;RATP;T8
48.9558768749, 2.31152630869;LACEPEDE;RATP;T8
48.9554374261, 2.30787256835;GILBERT BONNEMAISON;RATP;T8
48.9318139969, 2.28865600596;LE LUTH;RATP;T1
48.9232682542, 2.21758979935;PONT DE BEZONS;RATP;T2
48.8966643963, 2.24007925205;FAUBOURG DE L ARCHE;RATP;T2
48.9027680256, 2.23954203632;LES FAUVELLES;RATP;T2
48.9076645839, 2.23830930229;CHARLEBOURG;RATP;T2
48.9175149076, 2.22481218888;PARC PIERRE LAGRAVERE;RATP;T2
48.8587040102, 2.40968568697;MARIE DE MIRIBEL;RATP;T3B
48.8303885897, 2.39344969832;BARON LE ROY;RATP;T3A
48.8243285035, 2.37758429146;MARYSE BASTIE;RATP;T3A
48.8794703691, 2.40122176128;HOPITAL ROBERT DEBRE;RATP;T3B
48.8984911016, 2.36365138218;COLETTE BESSON;RATP;T3B
48.955576348, 2.35832285615;JONCHEROLLES;RATP;T5
48.7145127253, 2.37174714346;PORTE DE L'ESSONNE;RATP;T7
48.7528113597, 2.36195215258;PLACE DE LA LOGISTIQUE;RATP;T7
48.7501740371, 2.35436727915;SAARINEN;RATP;T7
48.7465685866, 2.35287534134;ROBERT SCHUMAN;RATP;T7
48.7385627773, 2.36991014668;CAROLINE AIGLE;RATP;T7
48.7851214133, 2.17879859027;ROBERT WAGNER;RATP;T6
48.7819866725, 2.18049375093;L'ONDE;RATP;T6
48.8794817719, 2.38911580738;BOTZARIS;RATP;M7bis
48.9063747703, 2.44918990449;BOBIGNY-PABLO PICASSO;RATP;M5,T1
48.8524794228, 2.36932058493;BASTILLE;RATP;M1,M8,M5
48.8792141342, 2.30352872537;COURCELLES;RATP;M2
48.7899783103, 2.45045317792;CRETEIL-UNIVERSITE;RATP;M8
48.8390411437, 2.38962001134;DUGOMMIER;RATP;M6
48.8546821569, 2.3060974037;ECOLE MILITAIRE;RATP;M8
48.89325759, 2.41331313951;EGLISE DE PANTIN;RATP;M5
48.8905871866, 2.32017475579;BROCHANT;RATP;M13
48.9195730741, 2.34330593051;CARREFOUR PLEYEL;RATP;M13
48.8679053449, 2.31354554995;CHAMPS-ELYSEES-CLEMENCEAU;RATP;M1,M13
48.8465346367, 2.28599922342;CHARLES MICHELS;RATP;M10
48.8510502823, 2.34427334542;CLUNY-LA-SORBONNE;RATP;M10
48.8720238095, 2.30056045125;GEORGE V;RATP;M1
48.8699575127, 2.37109483973;GONCOURT (HOPITAL SAINT-LOUIS);RATP;M11
48.8735133896, 2.32754308036;HAVRE-CAUMARTIN;RATP;M3,M9
48.8460276494, 2.37496291887;GARE DE LYON;RATP,SNCF;M1,RER D,LIGNE R,RER A,M14
48.8623647041, 2.31390957779;INVALIDES;RATP,SNCF;M13,RER C,M8
48.9207859699, 2.41059861373;LA COURNEUVE 8 MAI 1945;RATP;M7,T1
48.8225837068, 2.29846419197;MALAKOFF-PLATEAU DE VANVES;RATP;M13
48.8337088491, 2.24384059238;MARCEL SEMBAT;RATP;M9
48.8904854538, 2.35999576641;MARX DORMOY;RATP;M12
48.8668000351, 2.38338325046;MENILMONTANT;RATP;M2
48.8737095277, 2.31460632162;MIROMESNIL;RATP;M9,M13
48.8804494561, 2.30945116799;MONCEAU;RATP;M2
48.8921870764, 2.2370180564;LA DEFENSE-GRANDE ARCHE;RATP,SNCF;M1,LIGNE U,LIGNE L,T2,RER A
48.8487416657, 2.29893091175;LA MOTTE-PICQUET-GRENELLE;RATP;M6,M10,M8
48.8896740712, 2.3387606492;LAMARCK-CAULAINCOURT;RATP;M12
48.8748743434, 2.34019988439;LE PELETIER;RATP;M7
48.8623162787, 2.34567382822;LES HALLES;RATP;M4
48.8260549965, 2.40674222593;LIBERTE;RATP;M8
48.8812858119, 2.36554431917;LOUIS BLANC;RATP;M7,M7bis
48.8389609394, 2.28270002724;LOURMEL;RATP;M8
48.8619369141, 2.44131094125;MAIRIE DE MONTREUIL;RATP;M9
48.9119648979, 2.33392489048;MAIRIE DE SAINT-OUEN;RATP;M13
48.8871348691, 2.38696001714;OURCQ;RATP;M5
48.8652537861, 2.37458197;PARMENTIER;RATP;M3
48.815930763, 2.37726720015;PIERRE CURIE;RATP;M7
48.8311126604, 2.32970501262;MOUTON-DUVERNET;RATP;M4
48.8449426325, 2.3287780269;NOTRE-DAME-DES-CHAMPS;RATP;M12
48.8646578796, 2.36841002566;OBERKAMPF;RATP;M5,M9
48.8704867033, 2.33240740643;OPERA;RATP;M7,M3,M8
48.8479715406, 2.25774468038;PORTE D'AUTEUIL;RATP;M10
48.8942522622, 2.31377215877;PORTE DE CLICHY;RATP;M13
48.8552362528, 2.36095648866;SAINT-PAUL (LE MARAIS);RATP;M1
48.8724223837, 2.31003834462;SAINT-PHILIPPE-DU-ROULE;RATP;M9
48.867309475, 2.34751621328;SENTIER;RATP;M3
48.8512376804, 2.361985141;SULLY-MORLAND;RATP;M7
48.8885036879, 2.39211369776;PORTE DE PANTIN;RATP;M5,T3B
48.8659809205, 2.33433072438;PYRAMIDES;RATP;M7,M14
48.8612049903, 2.35349574013;RAMBUTEAU;RATP;M11
48.8389642807, 2.33075419209;RASPAIL;RATP;M4,M6
48.8663402993, 2.35206831805;REAUMUR-SEBASTOPOL;RATP;M3,M4
48.8484578485, 2.32778212715;RENNES;RATP;M12
48.8745583847, 2.3213619281;SAINT-AUGUSTIN;RATP;M9
48.8721014421, 2.40451494238;SAINT-FARGEAU;RATP,SNCF;M3bis,RER D
48.8784252576, 2.33759508282;SAINT-GEORGES;RATP;M12
48.8640865748, 2.38079798618;SAINT-MAUR;RATP;M3
48.8531679849, 2.34328597892;SAINT-MICHEL;RATP;M4
48.8415055224, 2.30794867934;VOLONTAIRES;RATP;M12
48.8838092012, 2.30467444053;WAGRAM;RATP;M3
48.8395165854, 2.30110751488;VAUGIRARD (ADOLPHE CHERIOU);RATP;M12
48.8422184136, 2.32900892624;VAVIN;RATP;M4
48.9307570033, 2.28417444828;LES COURTILLES-ASNIERES-GENNEVILLIERS;RATP;M13
48.8643437787, 2.33012987711;TUILERIES;RATP;M1
48.8697985565, 2.28533509469;VICTOR HUGO;RATP;M2
48.8046881209, 2.3639531966;VILLEJUIF-LEO LAGRANGE;RATP;M7
48.8811500285, 2.31517662622;VILLIERS;RATP;M2,M3
48.7687151253, 2.46456499321;CRETEIL-POINTE DU LAC;RATP;M8
48.7290239851, 2.36991322479;AEROPORT D'ORLY - TERMINAL SUD;RATP Dev;ORLYVAL
49.0100018671, 2.56055884389;AEROPORT CHARLES DE GAULLE 1;Transdev,SNCF;CDGVAL,RER B
49.01004496, 2.57064006889;STATION PX;Transdev;CDGVAL
49.0047256245, 2.57129484307;AEROPORT CHARLES DE GAULLE 2-TGV;Transdev,SNCF;CDGVAL,RER B
48.8846809737, 2.34266003734;FUNICULAIRE MONTMARTRE STATION BASSE;RATP;FUNICULAIR
48.8319930862, 2.39835010387;PORTE DE CHARENTON;RATP;T3A,M8
48.8987339907, 2.38053703549;CANAL SAINT-DENIS;RATP;T3B
48.8986011722, 2.36903694932;PORTE D AUBERVILLIERS;RATP;T3B
48.9766656914, 2.37741967331;LES FLANADES;RATP;T5
48.9591210983, 2.35874250448;SUZANNE VALADON;RATP;T5
48.7526743518, 2.35536098908;PORTE DE RUNGIS;RATP;T7
48.7295507227, 2.36826412862;AEROPORT D ORLY;RATP;T7
48.7944688845, 2.27265034466;DIVISION LECLERC;RATP;T6
48.7849697633, 2.22000951686;VELIZY 2;RATP;T6
48.7836246222, 2.21443350205;DEWOITINE;RATP;T6
48.8106010945, 2.30035747443;CHATILLON MONTROUGE;RATP;T6
48.9320518227, 2.35270198439;PIERRE DE GEYTER;RATP;T8
48.9352661458, 2.34786240776;GARE DE SAINT-DENIS;RATP;T8,T1
48.9495813451, 2.34252182604;CESAR;RATP;T8
49.0387620448, 1.58153210234;BONNIERES;SNCF;GL
48.8542517035, 2.13213244525;BOUGIVAL;SNCF;LIGNE L
48.8390897554, 2.27045824379;PONT DU GARIGLIANO - HOPITAL EUROPEEN GEORGES POMPIDOU;SNCF,RATP;RER C,T3A
48.9323054161, 2.47567437083;BLANC-MESNIL;SNCF;RER B
48.9554022445, 2.09352190295;ACHERES-GRAND-CORMIER;SNCF;RER A
48.7126289875, 2.40363310491;ATHIS-MONS;SNCF;RER C
48.8721574949, 2.32992717061;AUBER;RATP;RER A
48.8595573169, 2.90573696319;CRECY-EN-BRIE-LA-CHAPELLE;SNCF;LIGNE P
48.533732834, 2.00877181387;DOURDAN;SNCF;RER C
48.9727491198, 2.30713703071;ENGHIEN-LES-BAINS;SNCF;LIGNE H
49.0183491636, 2.09090606335;ERAGNY-NEUVILLE;SNCF;LIGNE J
48.9806461004, 2.27208477275;ERMONT-EAUBONNE;SNCF;RER C,LIGNE J,LIGNE H
48.5775084894, 2.19206306877;BREUILLET-BRUYERES-LE-CHATEL;SNCF;RER C
48.699732433, 2.50607815457;BRUNOY;SNCF;RER D
48.6962527469, 2.16437824279;BURES-SUR-YVETTE;RATP;RER B
48.8572934139, 2.29039155346;CHAMP DE MARS-TOUR EIFFEL;SNCF;RER C
48.8618222746, 2.34701268722;CHATELET-LES HALLES;RATP;RER B,RER D,RER A
48.8852112182, 2.1559034719;CHATOU-CROISSY;RATP;RER A
48.7479419019, 2.31271101352;CHEMIN D'ANTONY;SNCF;RER C
48.8210896506, 2.33897847201;CITE UNIVERSITAIRE;RATP;RER B,T3A
48.8142394455, 2.27448967218;CLAMART;SNCF;LIGNE N
48.9239186266, 2.25934570305;COLOMBES;SNCF;LIGNE J
48.9966300907, 2.09777398846;CONFLANS-SAINTE-HONORINE;SNCF;LIGNE J
48.6134279136, 2.4729336491;CORBEIL-ESSONNES;SNCF;RER D
48.9829797632, 1.80890782598;GARGENVILLE;SNCF;LIGNE J
48.6259908189, 1.7716956844;GAZERAN;SNCF;GL
48.8715031037, 2.09654825276;MARLY-LE-ROI;SNCF;LIGNE L
48.8107753218, 2.9537303831;GUERARD-LA-CELLE-SUR-MORIN;SNCF;LIGNE P
48.7960253678, 1.60270169299;HOUDAN;SNCF;LIGNE N
48.8086539649, 2.99310989478;FAREMOUTIERS-POMMEUSE;SNCF;LIGNE P
48.9792922476, 1.78397340775;ISSOU-PORCHEVILLE;SNCF;LIGNE J
48.8461921405, 2.27676096738;JAVEL;SNCF,RATP;RER C,M10
48.9922412813, 1.84513444487;JUZIERS;SNCF;LIGNE J
48.9243538797, 2.38638829106;LA COURNEUVE-AUBERVILLIERS;SNCF;RER B
48.9457959345, 2.1445587568;MAISONS-LAFFITTE;SNCF;RER A,LIGNE L
48.3936415495, 2.39341072405;MAISSE;SNCF;RER D
48.8932385948, 1.87173847573;MAREIL-SUR-MAULDRE;SNCF;LIGNE N
48.8408434319, 2.5477751893;NOISY-LE-GRAND-MONT D'EST;RATP;RER A
48.9870565461, 2.05978782668;MAURECOURT;SNCF;LIGNE J
48.5272433206, 2.65499028486;MELUN;SNCF;LIGNE R,RER D
49.0776990428, 2.20544672552;MERIEL;SNCF;LIGNE H
48.8074926258, 2.24088306797;MEUDON-VAL-FLEURY;SNCF;RER C
48.80260198, 1.81646679422;MONTFORT-L'AMAURY-MERE;SNCF;LIGNE N
48.9508199876, 3.12490901802;LA FERTE-SOUS-JOUARRE;SNCF;LIGNE P
48.918113804, 2.36266560018;LA PLAINE-STADE DE FRANCE;SNCF;RER B
48.7953838356, 2.51342329955;LA VARENNE-CHENNEVIERES;RATP;RER A
48.5204035911, 2.25473970107;LARDY;SNCF;RER C
48.9310542278, 2.26060231561;LE STADE;SNCF;LIGNE J
49.0331827681, 2.47803336649;LES NOUES;SNCF;RER D
48.9136368639, 2.25732601832;LES VALLEES;SNCF;LIGNE L
48.9841727553, 1.74778618291;LIMAY;SNCF;LIGNE J
48.8392193, 2.63321091342;LOGNES;RATP;RER A
48.8612145286, 2.12319109459;LOUVECIENNES;SNCF;LIGNE L
48.8020493803, 2.42648240848;MAISONS-ALFORT-ALFORTVILLE;SNCF;RER D
48.7707219935, 2.31020545188;PARC-DE-SCEAUX;RATP;RER B
48.853485713, 2.51382529103;NEUILLY-PLAISANCE;RATP;RER A
49.014133685, 2.07830659141;NEUVILLE UNIVERSITE;SNCF;LIGNE L,RER A
48.9637554296, 2.3721031384;PIERREFITTE-STAINS;SNCF;RER D
49.0191367398, 2.15466348564;PIERRELAYE;SNCF;RER C,LIGNE H
49.0804937079, 2.00371537163;MONTGEROULT-COURCELLES;SNCF;LIGNE J
49.0074232971, 2.19761981397;MONTIGNY-BEAUCHAMP;SNCF;LIGNE H,RER C
48.6140152409, 2.88825289679;MORMANT;SNCF;LIGNE P
48.9015496743, 2.21523234727;NANTERRE-UNIVERSITE;RATP,SNCF;RER A,LIGNE L
48.8413596382, 2.06132681294;NOISY-LE-ROI;SNCF;LIGNE L
49.0605916831, 2.13087413699;PONT-PETIT;SNCF;LIGNE H
48.7965281821, 2.15237866024;PORCHEFONTAINE;SNCF;RER C
49.0629696795, 2.05790299051;OSNY;SNCF;LIGNE J
49.0453116484, 2.10511070344;SAINT-OUEN-L'AUMONE;SNCF;RER C,LIGNE H
48.8212170379, 2.21485979544;SEVRES RIVE GAUCHE;SNCF;LIGNE N
48.1809368558, 2.73624984291;SOUPPES;SNCF;LIGNE R
48.9175671757, 2.3503895379;STADE DE FRANCE-SAINT-DENIS;SNCF;RER D
49.1140619515, 2.28791534353;PRESLES-COURCELLES;SNCF;LIGNE H
48.8833838129, 2.2336919188;PUTEAUX;SNCF,RATP;LIGNE U,LIGNE L,T2
48.6442219535, 1.83293547306;RAMBOUILLET;SNCF;LIGNE N
48.8823040049, 2.48142125871;ROSNY-BOIS-PERRIER;SNCF;RER E
48.8875736186, 2.17257944908;RUEIL-MALMAISON;RATP;RER A
48.7987076353, 2.07184700593;SAINT-CYR;SNCF;LIGNE N,LIGNE U,RER C
48.8785141131, 2.38161451194;BUTTES-CHAUMONT;RATP;M7bis
48.8333385593, 2.38663240207;COUR SAINT-EMILION;RATP;M14
48.8471500557, 2.26913587273;EGLISE D'AUTEUIL;RATP;M10
48.8563773572, 2.39456194456;ALEXANDRE DUMAS;RATP;M2
48.8406632293, 2.32638461079;EDGAR QUINET;RATP;M6
48.851812133, 2.40102227052;BUZENVAL;RATP;M9
48.8413382509, 2.40091853812;BEL-AIR;RATP;M6
48.8400013895, 2.3795540112;BERCY;RATP;M14,M6
48.8639744458, 2.27811255845;RUE DE LA POMPE (AVENUE GEORGES MANDEL);RATP;M9
48.853718934, 2.33377613686;SAINT-GERMAIN-DES-PRES;RATP;M4
48.8370451192, 2.37282572183;QUAI DE LA GARE;RATP;M6
48.8695852435, 2.33621884752;QUATRE SEPTEMBRE;RATP;M3
48.8717866021, 2.33903054672;RICHELIEU-DROUOT;RATP;M8,M9
48.8598736244, 2.37191398009;RICHARD LENOIR;RATP;M5
48.838427297, 2.3609671677;SAINT-MARCEL;RATP;M5
48.8110991977, 2.38355147965;MAIRIE D'IVRY;RATP;M7
48.8684401633, 2.40156171274;PELLEPORT;RATP;M3bis
48.8623480308, 2.33649646231;PALAIS ROYAL-MUSEE DU LOUVRE;RATP;M1,M7
48.8836149922, 2.32783955611;PLACE DE CLICHY;RATP;M2,M13
48.8848962552, 2.29772434648;PEREIRE-LEVALLOIS;RATP,SNCF;M3,RER C
48.8887060198, 2.28808363305;LOUISE MICHEL;RATP;M3
48.8339363927, 2.31807828549;PERNETY;RATP;M13
48.8611688655, 2.36721086641;SAINT-SEBASTIEN FROISSART;RATP;M8
48.8324490991, 2.2880221411;PORTE DE VERSAILLES;RATP;M12,T3A,T2
48.8857931052, 2.2925823141;PORTE DE CHAMPERRET;RATP;M3
48.819876221, 2.36453195175;PORTE DE CHOISY;RATP;M7,T3A
48.8754744567, 2.3988675939;TELEGRAPHE;RATP;M11
48.8347851581, 2.40538321063;PORTE DOREE;RATP;M8,T3A
48.8318256496, 2.31412232347;PLAISANCE;RATP;M13
48.8666826802, 2.36154153207;TEMPLE;RATP;M3
48.9149497564, 2.40440908743;FORT D'AUBERVILLIERS;RATP;M7
48.8270854489, 2.27941168205;CORENTIN-CELTON;RATP;M12
48.8785656258, 2.36216007192;CHATEAU-LANDON;RATP;M7
48.8427467798, 2.29191241332;FELIX FAURE;RATP;M8
48.831129548, 2.34351165775;GLACIERE;RATP;M6
48.8447947646, 2.29395196364;COMMERCE;RATP;M8
48.8549363766, 2.34732131573;CITE;RATP;M4
48.8450581723, 2.26174512496;MICHEL-ANGE-MOLITOR;RATP;M9,M10
48.8478956502, 2.26408203075;MICHEL-ANGE-AUTEUIL;RATP;M9,M10
48.8358634842, 2.35258892564;LES GOBELINS;RATP;M7
48.8798501425, 2.35745934659;GARE DU NORD;RATP,SNCF;M5,M4,LIGNE K,RER B,RER D,LIGNE H
48.8852161821, 2.37966307748;LAUMIERE;RATP;M5
48.8647940658, 2.29416201811;IENA;RATP;M9
48.827270836, 2.36803264776;OLYMPIADES;RATP;M14
48.8574537227, 2.38071878586;VOLTAIRE (LEON BLUM);RATP;M9
48.8264260109, 2.35724565076;TOLBIAC;RATP;M7
48.8488163725, 2.32125786291;VANEAU;RATP;M10
48.9555044771, 2.2955916949;EPINAY-ORGEMONT;RATP;T8
48.9334498408, 2.30708965353;GARE DE GENNEVILLIERS;RATP;T1
48.9357480421, 2.33910838701;L ILE-SAINT-DENIS;RATP;T1
48.8765687753, 2.40703492196;PORTE DES LILAS;RATP;T3B,M11,M3bis
48.9108025897, 2.23398860143;JACQUELINE AURIOL;RATP;T2
48.8347500104, 2.27124150094;HENRI FARMANN;RATP;T2
48.9140476807, 2.22957161329;VICTOR BASCH;RATP;T2
48.9333553822, 2.29460298939;LE VILLAGE;RATP;T1
48.8677920986, 2.05076784532;SAINT-NOM-LA-BRETECHE-FORET-DE-MARLY;SNCF;LIGNE L
48.9394868108, 1.99960360966;VILLENNES-SUR-SEINE;SNCF;LIGNE J
48.0965027788, 2.77230261766;FERRIERES FONTENAY;SNCF;LIGNE R
48.0070317015, 2.74303831268;MONTARGIS;SNCF;LIGNE R
48.9441810651, 2.56644801697;VERT-GALANT;SNCF;RER B
48.3240522735, 3.13113953462;CHAMPIGNY-SUR-YONNE;SNCF;GL
49.0910096787, 1.47870360947;VERNON;SNCF;GL
48.9250943511, 1.44379093871;BUEIL;SNCF;GL
48.5104473928, 1.55777636925;JOUY;SNCF;GL
48.9545625628, 2.30230508203;GARE D'EPINAY SUR SEINE;SNCF;T11
49.2208070506, 1.90529906189;LIANCOURT-SAINT-PIERRE;SNCF;LIGNE J
49.2138563248, 2.41736939105;SAINT-LEU D’ESSERENT;SNCF;LIGNE H
48.9919382203, 3.36492712887;CHEZY-SUR-MARNE;SNCF;LIGNE P
49.202693603, 1.92054770607;LA VILLETERTRE;SNCF;LIGNE J
49.2639441445, 2.46891411535;CREIL;SNCF;LIGNE H,RER D
48.9601628869, 2.36584210766;GARE DE PIERREFITTE STAINS;SNCF;T11
48.8523154274, 2.38937812792;RUE DES BOULETS;RATP;M9
48.8701642009, 2.35049797186;BONNE NOUVELLE;RATP;M8,M9
48.8856611127, 2.34254965326;FUNICULAIRE MONTMARTRE STATION HAUTE;RATP;FUNICULAIR
48.7296473558, 2.36001341286;AEROPORT D'ORLY - TERMINAL OUEST;RATP Dev;ORLYVAL
49.0134027057, 2.54195169681;TERMINAL 1;Transdev;CDGVAL
48.9319502424, 2.4962382812;AULNAY-SOUS-BOIS;SNCF;T4,LIGNE K,RER B
48.7549465264, 2.30098685572;ANTONY;RATP Dev,RATP;ORLYVAL,RER B
48.7964830828, 2.36826954143;VILLEJUIF-PAUL VAILLANT-COUTURIER;RATP;M7
48.8971438185, 2.50640824702;ALLEE DE LA TOUR RENDEZ-VOUS;SNCF;T4
48.829826379, 2.29566198282;GEORGES BRASSENS;RATP;T3A
48.8343581655, 2.2840072433;DESNOUETTES;RATP;T3A
48.8769498481, 2.39298396482;PLACE DES FETES;RATP;M7bis,M11
48.8585538264, 2.34223275937;PONT-NEUF (LA MONNAIE);RATP;M7
48.8646003734, 2.40803103708;PORTE DE BAGNOLET;RATP;M3,T3B
48.8772363191, 2.34929390248;POISSONNIERE;RATP;M7
48.8808212614, 2.37414715384;BOLIVAR;RATP;M7bis
48.895454673, 2.4253268888;BOBIGNY-PANTIN (RAYMOND QUENEAU);RATP;M5
48.8470195819, 2.29542047803;AVENUE EMILE ZOLA;RATP;M10
48.864766845, 2.3009910035;ALMA-MARCEAU;RATP;M9
48.8755940499, 2.28932258961;ARGENTINE;RATP;M1
48.8839585735, 2.33192659089;BLANCHE;RATP;M2
48.8281884763, 2.32716464961;ALESIA;RATP;M4
48.8515102782, 2.39830234427;AVRON;RATP;M2
48.8799957944, 2.39894666246;PRE SAINT-GERVAIS;RATP;M7bis
48.8379612135, 2.25712222985;PORTE DE SAINT-CLOUD;RATP;M9
48.8517620525, 2.3268225689;SEVRES-BABYLONE;RATP;M12,M10
48.8192233496, 2.35970521675;PORTE D'ITALIE;RATP;M7,T3A
48.8516722456, 2.33125629137;SAINT-SULPICE;RATP;M4
48.8585111299, 2.32315485584;SOLFERINO;RATP;M12
48.893941388, 2.34776550172;SIMPLON;RATP;M4
48.8195005099, 2.34580357984;STADE CHARLETY (PORTE DE GENTILLY);RATP;T3A
48.930934183, 2.51504966242;ROUGEMONT-CHANTELOUP;SNCF;T4
48.8682387849, 2.22141060398;SURESNES-LONGCHAMP;RATP;T2
48.8290105028, 2.22531285328;MUSEE DE SEVRES;RATP;T2
48.9191790277, 2.41383718232;MAURICE LACHATRE;RATP;T1
48.8191743291, 2.23859833779;MEUDON-SUR-SEINE;RATP;T2
48.8215089174, 2.33333983286;MONTSOURIS;RATP;T3A
48.9069318321, 2.43862449586;LIBERATION;RATP;T1
48.9004173041, 2.46546048136;PETIT NOISY;RATP;T1
48.8498504878, 2.22123268327;LES MILONS;RATP;T2
48.8608062913, 2.34110859163;LOUVRE-RIVOLI;RATP;M1
48.837117007, 2.40233316592;MICHEL BIZOT;RATP;M8
48.8871839469, 2.32577967481;LA FOURCHE;RATP;M13
48.8527251193, 2.40608916188;MARAICHERS;RATP;M9
48.8444086721, 2.39007511282;MONTGALLET;RATP;M8
48.8796347607, 2.32702220089;LIEGE;RATP;M13
48.9794479839, 2.29247712881;CHAMP DE COURSES D'ENGHIEN;SNCF;LIGNE H
48.9919254925, 2.07449946383;CONFLANS-FIN-D'OISE;SNCF;LIGNE J,LIGNE L,RER A
48.8046833562, 2.18863027784;CHAVILLE RIVE GAUCHE;SNCF;LIGNE N
48.5455953478, 3.28731284984;CHAMPBENOIST-POIGNY;SNCF;LIGNE P
48.9767478483, 2.39059365128;GARGES-SARCELLES;SNCF,RATP;RER D,T5
48.7637868096, 2.41138672494;CHOISY-LE-ROI;SNCF;RER C
48.9328961655, 2.30794323409;GENNEVILLIERS;SNCF;RER C
49.0693141355, 2.14169693141;CHAPONVAL;SNCF;LIGNE H
48.6484891117, 2.43533053155;GRAND-BOURG;SNCF;RER D
48.8125717163, 2.18825986001;CHAVILLE RIVE DROITE;SNCF;LIGNE L
48.7873902383, 2.04462198717;SAINT-QUENTIN-EN-YVELINES;SNCF;LIGNE N,LIGNE U,RER C
48.7956548214, 2.65038766708;ROISSY-EN-BRIE;SNCF;RER E
48.9705199221, 2.26392495979;SANNOIS;SNCF;LIGNE J
49.0247785479, 2.22272732081;TAVERNY;SNCF;LIGNE H
48.9344555451, 2.3456043782;SAINT-DENIS;SNCF;RER D,LIGNE H
49.1190226463, 2.39972485252;SEUGY;SNCF;LIGNE H
48.7813567204, 2.29764767917;SCEAUX;RATP;RER B
49.0339876363, 2.12826387392;SAINT-OUEN-L'AUMONE-LIESSE;SNCF;RER C,LIGNE H
48.9895025071, 1.70301613419;MANTES-LA-JOLIE;SNCF;LIGNE J,LIGNE N
48.909632934, 2.23968411711;LA GARENNE-COLOMBES;SNCF;LIGNE L
48.8680644232, 2.07671910268;L'ETANG-LA-VILLE;SNCF;LIGNE L
48.8979734463, 2.12211744747;LE VESINET-LE PECQ;RATP;RER A
48.8821891367, 2.7060141784;LAGNY-THORIGNY;SNCF;LIGNE P
48.9758587558, 2.64240630503;MITRY-CLAYE;SNCF;LIGNE K,RER B
48.6930965921, 1.85659206527;LE PERRAY;SNCF;LIGNE N
48.6283755508, 2.56958354824;LIEUSAINT-MOISSY;SNCF;RER D
48.3484160142, 2.03223977339;MONNERVILLE;SNCF;GL
48.8072466121, 2.0405192047;FONTENAY-LE-FLEURY;SNCF;LIGNE N
48.9663265448, 2.31658207116;LA BARRE-ORMESSON;SNCF;LIGNE H
48.7464523207, 2.72722937143;GRETZ-ARMAINVILLIERS;SNCF;RER E
48.78761468, 2.29249298056;FONTENAY-AUX-ROSES;RATP;RER B
48.743373402, 2.29639315754;FONTAINE-MICHALON;RATP;RER B
49.0454302542, 2.19708767832;FREPILLON;SNCF;LIGNE H
48.9843159621, 2.35340724587;GROSLAY;SNCF;LIGNE H
48.4936445785, 2.19458169917;ETRECHY;SNCF;RER C
48.6539697593, 2.39617681244;GRIGNY-CENTRE;SNCF;RER D
49.0662886977, 2.32292045583;MONTSOULT-MAFFLIERS;SNCF;LIGNE H
49.1382863753, 2.49017898542;ORRY-LA-VILLE-COYE;SNCF;RER D
48.8319161843, 1.94440175807;PLAISIR-GRIGNON;SNCF;LIGNE N
48.8882201628, 2.31373245152;PONT-CARDINET;SNCF;LIGNE L
48.8137984821, 3.04293826468;MOUROUX;SNCF;LIGNE P
48.9332654061, 2.04107228968;POISSY;SNCF;LIGNE J,RER A
48.5621248332, 3.01176932905;NANGIS;SNCF;LIGNE P
48.7418787057, 2.40290860737;ORLY VILLE;SNCF;RER C
48.5351397661, 2.54434895173;PONTHIERRY-PRINGY;SNCF;RER D
48.5871539054, 2.47349036636;MOULIN-GALANT;SNCF;RER D
48.9721416769, 1.84834880828;AUBERGENVILLE-ELISABETHVILLE;SNCF;LIGNE J
49.0496470052, 2.03429446048;CERGY-SAINT-CHRISTOPHE;SNCF;LIGNE L,RER A
48.7903330019, 2.26338916602;SOLEIL LEVANT;RATP;T6
48.7835009757, 2.23098355894;GEORGES MILLANDY;RATP;T6
48.7814043209, 2.20912922729;INOVEL PARC NORD;RATP;T6
48.7804547115, 2.19140991927;MAIRIE DE VELIZY;RATP;T6
48.9455555392, 2.34731292517;DELAUNAY-BELLEVILLE;RATP;T8
48.4344906129, 2.37667281716;BOUTIGNY-SUR-ESSONNE;SNCF;RER D
48.3416635419, 2.37881544334;BOIGNEVILLE;SNCF;RER D
48.4755230724, 2.69203325987;BOIS-LE-ROI;SNCF;LIGNE R
48.9706650483, 2.07773176593;ACHERES-VILLE;SNCF;RER A,LIGNE L
49.0704623634, 2.17530420995;AUVERS-SUR-OISE;SNCF;LIGNE H
48.8536480563, 2.27948706498;AVENUE DU PRESIDENT KENNEDY;SNCF;RER C
48.9057626571, 2.26996477919;BECON-LES-BRUYERES;SNCF;LIGNE L
49.0984002625, 2.36127055524;BELLOY-SAINT-MARTIN;SNCF;LIGNE H
49.0353113094, 2.21024652104;BESSANCOURT;SNCF;LIGNE H
48.9684962675, 2.19344286781;CORMEILLES-EN-PARISIS;SNCF;LIGNE J
48.5356206226, 1.99590198765;DOURDAN-LA-FORET;SNCF;RER C
49.0232063781, 2.36222298238;ECOUEN-EZANVILLE;SNCF;LIGNE H
48.5824855969, 2.22243331383;EGLY;SNCF;RER C
48.805770376, 2.61939577899;EMERAINVILLE-PONTAULT-COMBAULT;SNCF;RER E
48.6694837261, 2.3326229292;EPINAY-SUR-ORGE;SNCF;RER C
48.9633441128, 1.80909450877;EPONE-MEZIERES;SNCF;LIGNE N,LIGNE J
48.5645970265, 2.17097626506;BREUILLET-VILLAGE;SNCF;RER C
49.155189859, 2.32575400036;BRUYERES-SUR-OISE;SNCF;LIGNE H
49.0478762034, 2.01099976;CERGY LE HAUT;SNCF;LIGNE L,RER A
49.0364639807, 2.07953494;CERGY-PREFECTURE;SNCF;RER A,LIGNE L
48.9850047004, 2.25747415863;CERNAY;SNCF;LIGNE H,RER C
49.1360005646, 2.24267777678;CHAMPAGNE-SUR-OISE;SNCF;LIGNE H
48.4068056249, 2.79923356025;CHAMPAGNE-SUR-SEINE;SNCF;LIGNE R
48.7997288253, 2.18368410985;CHAVILLE-VELIZY;SNCF;RER C
48.874144083, 2.58333116078;CHELLES-GOURNAY;SNCF;LIGNE P,RER E
48.991391402, 2.66505986931;COMPANS;SNCF;LIGNE K
48.8437202616, 2.46370803804;FONTENAY-SOUS-BOIS;RATP;RER A
48.838282546, 2.18711070973;GARCHES-MARNES-LA-COQUETTE;SNCF;LIGNE L
48.9960988426, 2.25965561906;GROS-NOYER-SAINT-PRIX;SNCF;LIGNE H
48.9906512497, 2.26318262286;ERMONT-HALTE;SNCF;LIGNE H
48.7401815211, 2.23096112506;IGNY;SNCF;RER C
48.9984153932, 3.00795305575;ISLES-ARMENTIERES-CONGIS;SNCF;LIGNE P
48.8196744882, 2.25875976703;ISSY;SNCF;RER C
48.8301196393, 2.26368964874;ISSY-VAL DE SEINE;SNCF,RATP;RER C,T2
48.813989052, 2.39168697166;IVRY-SUR-SEINE;SNCF;RER C
48.764776013, 2.16394708588;JOUY-EN-JOSAS;SNCF;RER C
48.5655938628, 2.29092446985;MAROLLES-EN-HUREPOIX;SNCF;RER C
48.7347165868, 2.2734834644;MASSY-VERRIERES;SNCF,RATP;RER C,RER B
48.909305376, 1.85722753849;MAULE;SNCF;LIGNE N
48.5705968587, 2.43209853366;MENNECY;SNCF;RER D
49.0057625368, 1.90178197858;MEULAN-HARDRICOURT;SNCF;LIGNE J
48.3795261033, 2.9425234154;MONTEREAU;SNCF;LIGNE R
48.4849573772, 2.35185842142;LA FERTE-ALAIS;SNCF;RER D
48.6952641221, 2.15164203862;LA HACQUINIERE;RATP;RER B
48.7553892687, 1.94383520242;LA VERRIERE;SNCF;LIGNE U,LIGNE N
48.9307395712, 2.42579142691;LE BOURGET;SNCF;RER B
48.5387752566, 2.62552215507;LE MEE;SNCF;RER D
48.5738077927, 2.47946916961;LE PLESSIS-CHENET;SNCF;RER D
48.9926138816, 1.95547924753;LES CLAIRIERES-DE-VERNEUIL;SNCF;LIGNE J
48.9208728035, 2.31383538247;LES GRESILLONS;SNCF;RER C
48.7450721669, 2.4175209779;LES SAULES;SNCF;RER C
48.8231518558, 2.57983725527;LES YVRIS-NOISY-LE-GRAND;SNCF;RER E
49.1147839701, 2.21001986929;L'ISLE-ADAM-PARMAIN;SNCF;LIGNE H
48.8457430732, 2.33992799972;LUXEMBOURG;RATP;RER B
48.2677581099, 2.68564708994;NEMOURS-SAINT-PIERRE;SNCF;LIGNE R
48.938719239, 1.84051702968;NEZEL-AULNAY;SNCF;LIGNE N
48.8434916487, 2.6159524885;NOISIEL;RATP;RER A
48.6763813253, 2.3332494585;PETIT-VAUX;SNCF;RER C
48.3364817806, 2.73800161988;MONTIGNY-SUR-LOING;SNCF;LIGNE R
48.8607082299, 2.32562029875;MUSEE D'ORSAY;SNCF;RER C
48.6975056699, 2.1810544377;ORSAY-VILLE;RATP;RER B
48.8626624517, 2.30098996939;PONT DE L'ALMA;SNCF;RER C
49.0466457626, 2.09519506723;PONTOISE;SNCF;LIGNE H,RER C,LIGNE J
48.6358758622, 2.306833164;SAINT-MICHEL-SUR-ORGE;SNCF;RER C
48.9056549549, 2.32240040315;SAINT-OUEN;SNCF;RER C
48.702751043, 2.07124284902;SAINT-REMY-LES-CHEVREUSE;RATP;RER B
48.8002155781, 2.12904386873;VERSAILLES CHATEAU;SNCF;RER C
48.9377360625, 2.15708649785;SARTROUVILLE;SNCF;RER A,LIGNE L
48.595563838, 2.58394771106;SAVIGNY-LE-TEMPLE-NANDY;SNCF;RER D
48.9362801857, 2.53471497747;SEVRAN-LIVRY;SNCF;RER B
48.8941683862, 2.31559922055;PORTE-DE-CLICHY;SNCF;RER C
48.5555915569, 3.3028712226;PROVINS;SNCF;LIGNE P
48.8461029477, 2.2176210809;SAINT-CLOUD;SNCF;LIGNE L,LIGNE U
48.5291489659, 3.25536814867;SAINTE-COLOMBE-SEPTVEILLES;SNCF;LIGNE P
48.8946076284, 2.06993796545;SAINT-GERMAIN-BEL-AIR-FOURQUEUX;SNCF;LIGNE L
48.8062000248, 2.4727204038;SAINT-MAUR-CRETEIL;RATP;RER A
48.8153286196, 1.87750420433;VILLIERS-NEAUPHLE PONTCHARTRAIN;SNCF;LIGNE N
49.0071272463, 1.96355177166;VAUX-SUR-SEINE;SNCF;LIGNE J
48.9227111893, 2.40662275371;DANTON;RATP;T1
48.9363891471, 2.3636407022;CIMETIERE DE SAINT-DENIS;RATP;T1
48.9299710262, 2.38475886144;SIX ROUTES;RATP;T1
48.9219261433, 2.51644353517;L'ABBAYE;SNCF;T4
48.8925047614, 2.49938845729;LES COQUETIERS;SNCF;T4
48.8215175225, 2.25133615621;LES MOULINEAUX;RATP;T2
48.9160965041, 2.51506144619;LYCEE HENRI SELLIER;SNCF;T4
48.9047032038, 2.46997154361;PONT DE BONDY;RATP;T1
48.8247110179, 2.31882969127;JEAN MOULIN;RATP;T3A
48.9517087836, 2.32021652167;LES BEATUS;RATP;T8
48.9356057093, 2.33433291316;MAIRIE DE VILLENEUVE-LA-GARENNE;RATP;T1
48.9339320289, 2.3131326405;PARC DES CHANTERAINES;RATP;T1
48.9302142123, 2.28372255733;LES COURTILLES;RATP;T1
48.8255702286, 2.38116559196;AVENUE DE FRANCE;RATP;T3A
48.8850167892, 2.3967512888;BUTTE DU CHAPEAU ROUGE;RATP;T3B
48.9708834042, 2.36600388911;JACQUES PREVERT;RATP;T5
48.9658555744, 2.36357222397;ALCIDE D'ORBIGNY;RATP;T5
48.9635179464, 2.36025075865;MAIRIE DE PIERREFITTE;RATP;T5
48.7682217804, 2.36804152067;BRETAGNE;RATP;T7
48.8042049383, 2.2890572536;CENTRE DE CHATILLON;RATP;T6
49.0451694612, 2.32291784485;BOUFFEMONT-MOISSELLES;SNCF;LIGNE H
48.3326836438, 2.69248019059;BOURRON-MARLOTTE-GREZ;SNCF;LIGNE R
48.6067449526, 2.30205969425;BRETIGNY;SNCF;RER C
48.9142464743, 2.27159875039;BOIS-COLOMBES;SNCF;LIGNE J
48.3112962757, 2.00352500008;ANGERVILLE;SNCF;GL
48.8644617484, 2.27212062164;AVENUE HENRI MARTIN;SNCF;RER C
48.2295499366, 2.70393605431;BAGNEAUX-SUR-LOING;SNCF;LIGNE R
48.7933362962, 2.32220163367;BAGNEUX;RATP;RER B
48.5315019865, 2.37051849774;BALLANCOURT;SNCF;RER D
48.8826810476, 2.8543159251;COUILLY-SAINT-GERMAIN-QUINCY;SNCF;LIGNE P
48.8981188775, 2.24794284966;COURBEVOIE;SNCF;LIGNE L
49.0325740896, 2.69945308646;DAMMARTIN-JUILLY-SAINT-MARD;SNCF;LIGNE K
48.9327062187, 2.45476638277;DRANCY;SNCF;RER B
48.8449011387, 2.52592254657;BRY-SUR-MARNE;RATP;RER A
48.8365364329, 2.70898174226;BUSSY-SAINT-GEORGES;RATP;RER A
48.5649494957, 2.59455181601;CESSON;SNCF;RER D
48.5142458762, 2.21551781058;CHAMARANDE;SNCF;RER C
48.8069850716, 2.51030723712;CHAMPIGNY;RATP;RER A
48.9591640631, 3.02611129429;CHANGIS-SAINT-JEAN;SNCF;LIGNE P
49.1626705808, 1.93692863442;CHARS;SNCF;LIGNE J
48.8152299365, 2.34089113242;GENTILLY;RATP;RER B
48.6981969763, 2.13656671706;GIF-SUR-YVETTE;RATP;RER B
48.6857136264, 2.31762640497;GRAVIGNY-BALIZY;SNCF;RER C
48.9937134813, 2.23427639398;FRANCONVILLE-LE-PLESSIS-BOUCHARD;SNCF;LIGNE H,RER C
48.8104024644, 1.76505675656;GARANCIERES-LA QUEUE;SNCF;LIGNE N
48.8699501349, 2.78222672345;CHESSY - MARNE-LA-VALLEE;RATP;RER A
48.8750293419, 2.32671784022;HAUSSMANN-SAINT-LAZARE;SNCF;RER E
48.9030729142, 2.81024822073;ESBLY;SNCF;LIGNE P
48.6344790233, 2.45228989254;EVRY;SNCF;RER D
48.6260224281, 2.42873898735;EVRY-COURCOURONNES;SNCF;RER D
48.9203793748, 2.18535337629;HOUILLES-CARRIERES-SUR-SEINE;SNCF;RER A,LIGNE J,LIGNE L
48.8210388151, 2.46385679536;JOINVILLE-LE-PONT;RATP;RER A
48.6892154809, 2.38352086874;JUVISY;SNCF;RER D,RER C
48.7349392965, 2.86895583008;MARLES-EN-BRIE;SNCF;LIGNE P
48.9572688678, 2.87344818875;MEAUX;SNCF;LIGNE P
48.8148843142, 2.24091929487;MEUDON;SNCF;LIGNE N
48.8082965868, 2.33435430694;LAPLACE;RATP;RER B
48.8890765929, 2.51256682693;LE RAINCY-VILLEMOMBLE-MONTFERMEIL;SNCF;RER E
48.7825054355, 2.4095416551;LES ARDOINES;SNCF;RER C
48.9925919556, 1.91353050671;LES MUREAUX;SNCF;LIGNE J
48.7022393869, 2.29455774921;LONGJUMEAU;SNCF;RER C
48.513754591, 3.25003498258;LONGUEVILLE;SNCF;LIGNE P
48.7059689848, 2.21226237802;LOZERE;RATP;RER B
49.1171321315, 2.42010703417;LUZARCHES;SNCF;LIGNE H
48.7169462876, 2.24567251458;PALAISEAU;RATP;RER B
48.8393419374, 2.49418805536;NOGENT-LE-PERREUX;SNCF;RER E
48.8428848408, 2.58008591197;NOISY-CHAMPS;RATP;RER A
49.1234518541, 1.94933268165;SANTEUIL-LE-PERCHAY;SNCF;LIGNE J
48.7082378286, 2.46228224605;MONTGERON-CROSNE;SNCF;RER D
48.3785977679, 2.79930742793;MORET-VENEUX-LES-SABLONS;SNCF;LIGNE R
48.7894966796, 2.90738727037;MORTCERF;SNCF;LIGNE P
48.8309595286, 1.96002656025;PLAISIR-LES-CLAYES;SNCF;LIGNE N
48.8400337865, 2.33709643089;PORT ROYAL;RATP;RER B
48.9960068305, 2.36868456416;SARCELLES-SAINT-BRICE;SNCF;LIGNE H
48.676446657, 2.35248140105;SAVIGNY-SUR-ORGE;SNCF;RER C
48.9476075559, 2.52471638941;SEVRAN-BEAUDOTTES;SNCF;RER B
48.8717141912, 2.22102955043;SURESNES-MONT VALERIEN;SNCF;LIGNE L,LIGNE U
48.8294290153, 1.66901016137;TACOIGNIERES-RICHEBOURG;SNCF;LIGNE N
48.780237298, 2.28143059543;ROBINSON;RATP;RER B
48.8699124201, 2.48576114197;ROSNY-SOUS-BOIS;SNCF;RER E
48.7401954482, 2.35163319953;RUNGIS-LA FRATERNELLE;SNCF;RER C
48.5510919756, 2.12570727041;SAINT-CHERON;SNCF;RER C
48.8407450152, 2.2285369815;BOULOGNE-PONT DE SAINT CLOUD;RATP;M10
48.8321105601, 2.23863934858;BILLANCOURT;RATP;M9
48.892082786, 2.28500950275;ANATOLE FRANCE;RATP;M3
48.9037599302, 2.39228705964;AUBERVILLIERS-PANTIN (QUATRE CHEMINS);RATP;M7
48.8297905137, 2.35041487201;CORVISART;RATP;M6
48.7967407666, 2.44943317569;CRETEIL-L'ECHAT (HOPITAL MONDOR);RATP;M8
48.8579655912, 2.43555571569;CROIX DE CHAVAUX (JACQUES DUCLOS);RATP;M9
48.8395496456, 2.39570328944;DAUMESNIL;RATP;M6,M8
48.8758906819, 2.34412603046;CADET;RATP;M7
48.8466568513, 2.35162325638;CARDINAL-LEMOINE;RATP;M10
48.8873749106, 2.3496940822;CHATEAU ROUGE;RATP;M4
48.8776101874, 2.37081139531;COLONEL FABIEN;RATP;M2
48.8386316462, 2.32249174982;GAITE;RATP;M13
48.8653353173, 2.41669727286;GALLIENI (PARC DE BAGNOLET);RATP;M3
48.8912285932, 2.40235214254;HOCHE;RATP;M5
48.8574779825, 2.35157756299;HOTEL DE VILLE;RATP;M1,M11
48.8501778619, 2.38409221007;FAIDHERBE-CHALIGNY;RATP;M8
48.87080998, 2.36102746692;JACQUES BONSERGENT;RATP;M5
48.8924395905, 2.34465700413;JULES JOFFRIN;RATP;M12
48.8716497691, 2.29352429034;KLEBER;RATP;M6
48.8471310082, 2.27276375332;MIRABEAU;RATP;M10
48.8577254129, 2.31056596095;LA TOUR MAUBOURG;RATP;M8
48.8101299573, 2.36226338713;LE KREMLIN-BICETRE;RATP;M7
48.8811915206, 2.27168672105;LES SABLONS (JARDIN D'ACCLIMATATION);RATP;M1
48.8530167679, 2.33550205309;MABILLON;RATP;M10
48.9033300946, 2.30592414987;MAIRIE DE CLICHY;RATP;M13
48.8241050307, 2.27304152514;MAIRIE D'ISSY;RATP;M12
48.8450615799, 2.40128901983;PICPUS;RATP;M6
48.8760262116, 2.33788648907;NOTRE-DAME-DE-LORETTE;RATP;M12
48.8978210671, 2.27980958669;PONT DE LEVALLOIS-BECON;RATP;M3
48.846878238, 2.32679278504;SAINT-PLACIDE;RATP;M4
48.8554850504, 2.27010913894;RANELAGH;RATP;M9
48.888267617, 2.37420401204;RIQUET;RATP;M7
48.8822269008, 2.32127492677;ROME;RATP;M2
48.8555509402, 2.32571242217;RUE DU BAC;RATP;M12
48.9458456578, 2.36454176349;SAINT-DENIS-UNIVERSITE;RATP;M13
48.8514417056, 2.3144081215;SAINT-FRANCOIS-XAVIER;RATP;M13
48.8329008165, 2.33713519061;SAINT-JACQUES;RATP;M6
48.9231037797, 2.28627957753;LES AGNETTES-ASNIERES-GENNEVILLIERS;RATP;M13
49.008978461, 2.54483189792;PARC PR;Transdev;CDGVAL
48.8259205461, 2.31338008738;DIDOT;RATP;T3A
48.9177837253, 2.41769109334;DRANCY-AVENIR;RATP;T1
48.9335864037, 2.37108317162;HOPITAL DELAFONTAINE;RATP;T1
48.9065365591, 2.44399233455;HOTEL DE VILLE - MAISON DE LA CULTURE;RATP;T1
48.8247670255, 2.26053991367;JACQUES-HENRI LARTIGUE;RATP;T2
48.9078125468, 2.45435282652;JEAN ROSTAND;RATP;T1
48.8431243999, 2.22185149475;PARC DE SAINT-CLOUD;RATP;T2
48.8316965931, 2.28147044408;PORTE D'ISSY;RATP;T2
48.9375098964, 2.35040001854;THEATRE GERARD PHILIPE;RATP;T1
48.9499377357, 2.32883217135;LES MOBILES;RATP;T8
48.9531682468, 2.31540361211;ROSE BERTIN;RATP;T8
48.9349758267, 2.32679331227;LA NOUE;RATP;T1
48.9346085677, 2.32149519817;CHEMIN DES RENIERS;RATP;T1
48.8398410732, 2.4088668504;MONTEMPOIVRE;RATP;T3A
49.0155849755, 2.2424791085;SAINT-LEU-LA-FORET;SNCF;LIGNE H
48.8533357965, 2.34603498444;SAINT-MICHEL NOTRE DAME;RATP,SNCF;RER B,RER C
48.8232666341, 2.54267979538;VILLIERS-SUR-MARNE-PLESSIS-TREVISE;SNCF;RER E
48.8054930337, 2.16852039287;VIROFLAY RIVE DROITE;SNCF,RATP;LIGNE L,T6
48.8002093984, 2.40271281854;VITRY-SUR-SEINE;SNCF;RER C
48.8366433171, 2.15269740029;VAUCRESSON;SNCF;LIGNE L
48.6443736249, 2.82516993433;VERNEUIL-L'ETANG;SNCF;LIGNE P
48.7394872073, 2.75882454867;TOURNAN;SNCF;LIGNE P,RER E
48.9081654152, 2.5170254953;GARGAN;SNCF;T4
48.8208733552, 2.35093287806;POTERNE DES PEUPLIERS;RATP;T3A
48.9243751434, 2.40207341436;STADE GEO ANDRE;RATP;T1
48.9158378929, 2.42500989427;HOPITAL AVICENNE;RATP;T1
48.8333653438, 2.27671209053;SUZANNE LENGLEN;RATP;T2
48.9140932644, 2.43127800347;GASTON ROULAUD;RATP;T1
48.8574714089, 2.22060356003;LES COTEAUX;RATP;T2
48.9096663654, 2.43748780358;LA FERME;RATP;T1
48.8437717867, 2.41013203808;ALEXANDRA DAVID-NEEL;RATP;T3A
48.8724040944, 2.40857757742;ADRIENNE BOLLAND;RATP;T3B
48.8938802825, 2.39773885065;DELPHINE SEYRIG;RATP;T3B
48.9703669331, 2.02751877569;CHANTELOUP-LES-VIGNES;SNCF;LIGNE J
48.8771578388, 2.55288164979;LE CHENAY-GAGNY;SNCF;RER E
48.4870763944, 2.69503731923;CHARTRETTES;SNCF;LIGNE R
48.7006808037, 2.30784118734;CHILLY-MAZARIN;SNCF;RER C
49.0551017605, 2.12273590827;EPLUCHES;SNCF;LIGNE H
48.9432369891, 1.54138115647;BREVAL;SNCF;GL
48.5914608202, 2.26693797261;LA NORVILLE-SAINT-GERMAIN-LES-ARPAJON;SNCF;RER C
48.8248485695, 2.51185555209;LES BOULLEREAUX-CHAMPIGNY;SNCF;RER E
48.8053776622, 2.48634974878;LE PARC-DE-SAINT-MAUR;RATP;RER A
48.7219159611, 1.8900045637;LES-ESSARTS-LE-ROI;SNCF;LIGNE N
49.0217572686, 3.03175844447;LIZY-SUR-OURCQ;SNCF;LIGNE P
48.8900862356, 2.13460087523;LE VESINET-CENTRE;RATP;RER A
48.7396810434, 2.28766749545;LES BACONNETS;RATP;RER B
48.7054039248, 2.19273488481;LE GUICHET;RATP;RER B
48.7889148967, 2.43207011795;LE VERT-DE-MAISONS;SNCF;RER D
48.6233322411, 2.45140909559;LE BRAS-DE-FER;SNCF;RER D
48.7521857235, 2.50455983832;BOISSY-SAINT-LEGER;RATP;RER A
48.8085020653, 3.08034301057;COULOMMIERS;SNCF;LIGNE P
48.9467969421, 2.25789748266;ARGENTEUIL;SNCF;LIGNE J
48.8189478009, 2.22980800373;BELLEVUE;SNCF;LIGNE N
49.0329720468, 2.33682968984;DOMONT;SNCF;LIGNE H
48.8599987304, 1.8755955903;BEYNES;SNCF;LIGNE N
48.5661178207, 2.49271300424;LE COUDRAY-MONTCEAUX;SNCF;RER D
48.8976374479, 2.29741994815;CLICHY-LEVALLOIS;SNCF;LIGNE L
48.7434839859, 1.92103660004;COIGNIERES;SNCF;LIGNE N
49.023161999, 2.46216896477;GOUSSAINVILLE;SNCF;RER D
48.9902899964, 2.16190660559;HERBLAY;SNCF;LIGNE J
48.4428820633, 2.76092673374;HERICY;SNCF;LIGNE R
48.883734281, 2.52543425077;GAGNY;SNCF;RER E
48.667901961, 2.54754804581;COMBS-LA-VILLE-QUINCY;SNCF;RER D
48.6055558264, 2.46245649278;ESSONNES-ROBINSON;SNCF;RER D
48.3745250134, 2.05991234764;GUILLERVAL;SNCF;GL
48.7616936904, 2.30422734619;LA CROIX-DE-BERNY-FRESNES;RATP;RER B
48.8427199544, 2.13812505878;LA CELLE-SAINT-CLOUD;SNCF;LIGNE L
48.4872228755, 2.75115365838;FONTAINE-LE-PORT;SNCF;LIGNE R
48.416377033, 2.72666153173;FONTAINEBLEAU-AVON;SNCF;LIGNE R
49.126780942, 2.50614368925;LA BORNE BLANCHE;SNCF;RER D
48.4369239376, 2.15953058757;ETAMPES;SNCF;RER C
48.6528114014, 2.31273625106;SAINTE-GENEVIEVE-DES-BOIS;SNCF;RER C
49.0995869401, 2.52553171398;SURVILLIERS-FOSSES;SNCF;RER D
48.9973920018, 1.63016762727;ROSNY-SUR-SEINE;SNCF;GL
48.6589754238, 2.41520683997;RIS-ORANGIS;SNCF;RER D
49.1477195065, 2.27782319062;PERSAN-BEAUMONT;SNCF;LIGNE H
48.7704252021, 2.14683164477;PETIT-JOUY-LES-LOGES;SNCF;RER C
48.8957453121, 2.22321296703;NANTERRE-PREFECTURE;RATP;RER A
48.7081405836, 2.23731436464;PALAISEAU-VILLEBON;RATP;RER B
48.9740265796, 3.21930281555;NANTEUIL-SAACY;SNCF;LIGNE P
48.7707789189, 2.69025278082;OZOIR-LA-FERRIERE;SNCF;RER E
48.8063774473, 2.15150011876;MONTREUIL;SNCF;LIGNE L
48.636351368, 2.40779628752;ORANGIS-BOIS DE L'EPINE;SNCF;RER D
49.0399813093, 2.10385269645;SAINT-OUEN-L'AUMONE-QUARTIER DE L'EGLISE;SNCF;LIGNE J
48.7483496824, 2.3731119407;PONT DE RUNGIS;SNCF;RER C
48.8265784281, 1.70321842548;ORGERUS-BEHOUST;SNCF;LIGNE N
48.7717079061, 2.50748264572;SUCY-BONNEUIL;RATP;RER A
48.5358065092, 2.06938152489;SERMAISE;SNCF;RER C
48.8272387754, 2.20072125659;SEVRES-VILLE-D'AVRAY;SNCF;LIGNE L,LIGNE U
48.9802635207, 2.18001238078;LA FRETTE-MONTIGNY;SNCF;LIGNE J
48.3787957608, 2.89720177648;LA GRANDE PAROISSE;SNCF;LIGNE R
49.0580478127, 2.19124475918;MERY-VAL D'OISE;SNCF;LIGNE H
48.9836545075, 1.71521098645;MANTES-STATION;SNCF;LIGNE J
48.725197641, 2.25735518815;MASSY-PALAISEAU;SNCF,RATP;RER C,RER B
48.7012177212, 2.09797585569;COURCELLE-SUR-YVETTE;RATP;RER B
48.9760542531, 2.33852407065;DEUIL-MONTMAGNY;SNCF;LIGNE H
48.8709741382, 2.27557452685;AVENUE FOCH;SNCF;RER C
48.9582696037, 2.32824501027;EPINAY-VILLETANEUSE;SNCF;LIGNE H
48.3713832905, 2.38720979587;BUNO-GIRONVILLE;SNCF;RER D
48.5102651762, 2.67897398269;LIVRY-SUR-SEINE;SNCF;LIGNE R
48.9734249063, 2.51436028418;PARC DES EXPOSITIONS;SNCF;RER B
49.1325777015, 2.28051536983;NOINTEL-MOURS;SNCF;LIGNE H
48.8908567963, 2.8264054973;MONTRY-CONDE;SNCF;LIGNE P
48.8342888989, 2.47168124121;NOGENT-SUR-MARNE;RATP;RER A
48.8951258913, 2.19536398691;NANTERRE-VILLE;RATP;RER A
49.0493256018, 2.50175806584;LOUVRES;SNCF;RER D
48.8981123054, 2.4003617059;PANTIN;SNCF;RER E
48.8809135284, 2.35883323697;MAGENTA;SNCF;RER E
49.0918829954, 3.06269040835;CROUY-SUR-OURCQ;SNCF;LIGNE P
48.7803137964, 2.31230771689;BOURG-LA-REINE;RATP;RER B
48.7988925001, 2.32813692306;ARCUEIL-CACHAN;RATP;RER B
48.9748208646, 2.04908312149;ANDRESY;SNCF;LIGNE J
48.7510232733, 2.2158608601;BIEVRES;SNCF;RER C
48.5860078899, 2.24107008227;ARPAJON;SNCF;RER C
48.5328901041, 2.29008251383;BOURAY;SNCF;RER C
48.7255353058, 2.41956502438;ABLON;SNCF;RER C
48.6810166163, 2.53313065657;BOUSSY-SAINT-ANTOINE;SNCF;RER D
48.7789363931, 2.3674058645;DOMAINE CHERIOUX;RATP;T7
48.8565315515, 2.27516715469;BOULAINVILLIERS;SNCF;RER C
48.7567394335, 2.36836469863;LA BELLE EPINE;RATP;T7
48.763375153, 2.36779053573;AUGUSTE PERRET;RATP;T7
48.7831075504, 2.36715783332;LAMARTINE;RATP;T7
48.956671846, 2.34310923573;PABLO NERUDA;RATP;T8
48.7998873832, 2.28195132017;PARC ANDRE MALRAUX;RATP;T6
48.7867161822, 2.25450215204;HOPITAL BECLERE;RATP;T6
48.780087152, 2.19650581249;LOUVOIS;RATP;T6
48.8980764111, 2.0948366283;SAINT-GERMAIN-EN-LAYE;RATP;RER A
48.3867709874, 2.84203738882;VERNOU-SUR-SEINE;SNCF;LIGNE R
48.7952802463, 2.1360504883;VERSAILLES-CHANTIERS;SNCF;LIGNE U,RER C,LIGNE N
49.0081140177, 2.68025245597;THIEUX-NANTOUILLET;SNCF;LIGNE K
48.9602264907, 2.95006038139;TRILPORT;SNCF;LIGNE P
48.9503043535, 2.23111003501;VAL D'ARGENTEUIL;SNCF;LIGNE J
48.8537955765, 2.48818757518;VAL-DE-FONTENAY;RATP,SNCF;RER A,RER E
48.7083664326, 2.4143588798;VIGNEUX-SUR-SEINE;SNCF;RER D
48.7398306994, 2.42639982047;VILLENEUVE-LE-ROI;SNCF;RER C
48.9150967438, 1.50534780686;GILLES-GUAINVILLE;SNCF;GL
49.0184202918, 1.14900354805;EVREUX;SNCF;GL
48.5421836112, 1.58998527987;SAINT-PIAT;SNCF;GL
48.4452537046, 1.77958370837;AUNEAU;SNCF;GL
48.2746323892, 1.62149862568;VOVES;SNCF;GL
48.1864372096, 1.38624502094;BONNEVAL;SNCF;GL
48.8390812802, 2.38302808115;PARIS-BERCY;SNCF;GL
49.1667750398, 2.36230352857;BORAN-SUR-OISE;SNCF;LIGNE H
48.7712660381, 2.43530633971;CRETEIL POMPADOUR;SNCF;RER D
48.9600337639, 2.34341454388;GARE DE VILLETANEUSE - UNIVERSITE;SNCF;T11
48.8632902382, 2.88320173127;VILLIERS-MONTBARBIN;SNCF;LIGNE P
48.5151514532, 2.59930426593;VOSVES;SNCF;RER D
48.855394809, 2.77343391788;VAL-D'EUROPE;RATP;RER A
48.8564199914, 2.21657223779;LE VAL-D'OR;SNCF;LIGNE L
48.7591889832, 2.19213581266;VAUBOYEN;SNCF;RER C
49.0217739562, 2.22937648839;VAUCELLES;SNCF;LIGNE H
48.9814459694, 1.98314335209;VERNOUILLET-VERNEUIL;SNCF;LIGNE J
48.3943084388, 2.76402819014;THOMERY;SNCF;LIGNE R
48.8396455173, 2.65513008664;TORCY;RATP;RER A
48.8752082654, 2.63759071444;VAIRES-TORCY;SNCF;LIGNE P
48.7452308194, 2.43834423916;VILLENEUVE-TRIAGE;SNCF;RER D
48.5852787101, 1.5924579153;MAINTENON;SNCF;GL
48.4824105013, 1.52235765163;LA VILLETTE-SAINT-PREST;SNCF;GL
48.3426136802, 3.07174645374;VILLENEUVE-LA-GUYARD;SNCF;GL
48.0851844953, 3.28625649812;VILLENEUVE-SUR-YONNE;SNCF;GL
48.0266866323, 3.30256453785;SAINT-JULIEN-DU-SAULT;SNCF;GL
47.961118247, 3.51433646502;LAROCHE-MIGENNES;SNCF;GL
49.2032657335, 2.37660117732;PRECY-SUR-OISE;SNCF;LIGNE H
49.2825897349, 1.81808238251;TRIE-CHATEAU;SNCF;LIGNE J
49.2310180602, 2.88736670498;CREPY-EN-VALOIS;SNCF;LIGNE K
49.0961208107, 2.74468620744;LE PLESSIS-BELLEVILLE;SNCF;LIGNE K
48.9549290045, 2.39095508616;GARE DE STAINS LA CERISAIE;SNCF;T11
48.9302061789, 2.42346455238;GARE DU BOURGET;SNCF;T11
49.1166278825, 2.36825354761;VIARMES;SNCF;LIGNE H
48.5926277413, 2.46180638884;VILLABE;SNCF;RER D
48.7301168314, 2.44613583093;VILLENEUVE-SAINT-GEORGES;SNCF;RER D
48.9531483876, 2.60313530512;VILLEPARISIS-MITRY-LE-NEUF;SNCF;RER B
48.9627095133, 2.51264462782;VILLEPINTE;SNCF;RER B
48.8236532688, 1.99286453652;VILLEPREUX-LES-CLAYES;SNCF;LIGNE N
49.4262015914, 2.08850697394;BEAUVAIS;SNCF;GL
48.448384567, 1.48087093272;CHARTRES;SNCF;GL
48.6050762776, 1.6816457804;EPERNON;SNCF;GL
48.0734070101, 1.3384347632;CHATEAUDUN;SNCF;GL
48.1984174943, 3.26732002874;SENS;SNCF;GL
48.2863911796, 3.20189382787;PONT-SUR-YONNE;SNCF;GL
47.9861923599, 3.33759167772;CEZY;SNCF;GL
48.73095467, 1.36997423412;DREUX;SNCF;LIGNE N
49.2613222981, 1.87258946785;CHAUMONT-EN-VEXIN;SNCF;LIGNE J
49.2008770791, 2.83810847804;ORMOY-VILLERS;SNCF;LIGNE K
49.1428841983, 2.79445455011;NANTEUIL-LE-HAUDOUIN;SNCF;LIGNE K
48.9692787821, 3.32188681725;NOGENT-L'ARTAUD-CHARLY;SNCF;LIGNE P
49.0379489417, 3.40959736125;CHATEAU-THIERRY;SNCF;LIGNE P
48.959128021, 2.32927569976;GARE D'EPINAY VILLETANEUSE;SNCF;T11
48.8809920835, 2.07917759196;MAREIL-MARLY;SNCF;LIGNE L
49.0758428848, 2.02495293138;BOISSY-L'AILLERIE;SNCF;LIGNE J
48.5297469186, 2.57207366138;BOISSISE-LE-ROI;SNCF;RER D
48.9396887087, 2.34520750593;PAUL ELUARD;RATP;T8
48.9527263299, 2.34346127953;JEAN VILAR;RATP;T8
48.7836872152, 2.24697764916;MAIL DE LA PLAINE;RATP;T6
48.7835393328, 2.22528029528;MEUDON-LA-FORET;RATP;T6
48.7849021663, 2.23713270497;GEORGES POMPIDOU;RATP;T6
48.7807309692, 2.23983201762;PAVE BLANC;RATP;T6
48.8071698468, 2.29409124432;VAUBAN;RATP;T6
48.7595735353, 2.36639800004;PORTE DE THIAIS;RATP;T7
48.7399874304, 2.3594678211;HELENE BOUCHER;RATP;T7
48.7416844931, 2.35279538131;FRATERNELLE;RATP;T7
48.7340881621, 2.37125037622;COEUR D'ORLY;RATP;T7
48.7720742166, 2.36781500163;MOULIN VERT;RATP;T7
48.97749309, 2.37224292371;LES CHOLETTES;RATP;T5
48.9785246243, 2.38504919201;LES LOCHERES;RATP;T5
48.9792761263, 2.38020425433;PAUL VALERY;RATP;T5
48.9421254551, 2.35672974153;BAUDELAIRE;RATP;T5
48.9482081285, 2.35746152626;GUYNEMER;RATP;T5
48.809482263, 2.13508745661;VERSAILLES RIVE DROITE;SNCF;LIGNE L
48.4273625842, 2.1452465929;SAINT-MARTIN-D'ETAMPES;SNCF;RER C
